,,Annual 2016-2017,Annual 2016-2017,Annual 2016-2017,Annual 2016-2017,Annual 2016-2017,Annual 2016-2017,Annual 2016-2017,Annual 2017-2018,Annual 2017-2018,Annual 2017-2018,Annual 2017-2018,Annual 2017-2018,Annual 2017-2018,Annual 2017-2018,Annual 2018-2019,Annual 2018-2019,Annual 2018-2019,Annual 2018-2019,Annual 2018-2019,Annual 2018-2019,Annual 2018-2019,Annual 2019-2020,Annual 2019-2020,Annual 2019-2020,Annual 2019-2020,Annual 2019-2020,Annual 2019-2020,Annual 2019-2020,Annual 2020-2021,Annual 2020-2021,Annual 2020-2021,Annual 2020-2021,Annual 2020-2021,Annual 2020-2021,Annual 2020-2021,Annual 2021-2022,Annual 2021-2022,Annual 2021-2022,Annual 2021-2022,Annual 2021-2022,Annual 2021-2022,Annual 2021-2022,Annual 2022-2023,Annual 2022-2023,Annual 2022-2023,Annual 2022-2023,Annual 2022-2023,Annual 2022-2023,Annual 2022-2023
State Name,College Name,Transferable Credit FTES,Credit FTES,Non-Credit FTES,Total FTES,Vocational Education Credit FTES,Vocational Education Non Credit FTES,Vocational Education Total FTES,Transferable Credit FTES,Credit FTES,Non-Credit FTES,Total FTES,Vocational Education Credit FTES,Vocational Education Non Credit FTES,Vocational Education Total FTES,Transferable Credit FTES,Credit FTES,Non-Credit FTES,Total FTES,Vocational Education Credit FTES,Vocational Education Non Credit FTES,Vocational Education Total FTES,Transferable Credit FTES,Credit FTES,Non-Credit FTES,Total FTES,Vocational Education Credit FTES,Vocational Education Non Credit FTES,Vocational Education Total FTES,Transferable Credit FTES,Credit FTES,Non-Credit FTES,Total FTES,Vocational Education Credit FTES,Vocational Education Non Credit FTES,Vocational Education Total FTES,Transferable Credit FTES,Credit FTES,Non-Credit FTES,Total FTES,Vocational Education Credit FTES,Vocational Education Non Credit FTES,Vocational Education Total FTES,Transferable Credit FTES,Credit FTES,Non-Credit FTES,Total FTES,Vocational Education Credit FTES,Vocational Education Non Credit FTES,Vocational Education Total FTES
State of California,Alameda,"2,865.40","3,628.11",49.95,"3,678.06",848.69,0.74,849.43,"3,058.23","3,767.25",38.35,"3,805.60",906.14,0.96,907.10,"3,006.64","3,586.83",39.87,"3,626.70",863.03,0.52,863.55,"2,911.00","3,361.74",45.14,"3,406.87",866.87,0.34,867.21,"2,591.51","3,007.05",20.40,"3,027.45",679.43,10.52,689.95,"2,140.06","2,498.37",82.99,"2,581.36",636.61,6.43,643.04,"2,365.74","2,750.46",99.46,"2,849.92",694.75,6.50,701.25
State of California,Allan Hancock,"7,094.62","9,408.65",949.76,"10,358.41","3,527.38",273.18,"3,800.55","6,980.97","9,135.53",918.36,"10,053.89","3,417.43",249.41,"3,666.84","7,047.29","9,001.33",879.68,"9,881.01","3,333.25",253.26,"3,586.51","7,385.40","9,047.58",698.24,"9,745.82","3,353.79",189.53,"3,543.32","6,479.83","8,013.15",289.26,"8,302.41","2,798.51",34.00,"2,832.51","6,100.44","7,635.37",548.82,"8,184.19","3,046.12",94.14,"3,140.26","6,387.67","7,944.01",569.59,"8,513.60","3,335.69",115.06,"3,450.75"
State of California,American River,"14,148.12","21,921.99",39.26,"21,961.24","8,782.15",0.00,"8,782.15","13,685.71","22,096.03",2.86,"22,098.89","9,377.21",0.00,"9,377.21","14,196.56","23,526.35",17.70,"23,544.05","11,051.61",0.00,"11,051.61","14,459.08","22,033.22",3.23,"22,036.45","9,858.14",0.00,"9,858.14","13,361.98","16,870.91",0.00,"16,870.91","5,607.87",0.00,"5,607.87","12,274.61","17,175.66",0.00,"17,175.66","7,238.31",0.00,"7,238.31","12,261.23","18,945.60",0.00,"18,945.60","9,276.61",0.00,"9,276.61"
State of California,Antelope Valley,"8,455.22","10,834.68",71.78,"10,906.46","2,751.13",0.00,"2,751.13","8,424.37","10,986.55",82.86,"11,069.41","2,802.16",3.33,"2,805.49","8,702.46","10,984.10",100.90,"11,085.00","2,962.63",8.57,"2,971.20","9,502.42","10,982.27",82.49,"11,064.76","3,214.39",8.47,"3,222.86","8,043.05","9,240.85",37.60,"9,278.45","2,679.51",3.71,"2,683.22","7,179.74","8,284.05",42.88,"8,326.93","2,465.29",6.64,"2,471.93","7,691.37","8,913.80",55.80,"8,969.60","2,947.73",7.22,"2,954.95"
State of California,Bakersfield,"11,616.45","15,474.24",51.77,"15,526.00","4,567.71",0.00,"4,567.71","12,708.11","17,000.67",32.98,"17,033.64","4,971.16",0.00,"4,971.16","13,035.64","18,161.62",110.44,"18,272.06","5,238.26",0.00,"5,238.26","15,028.14","18,810.35",96.92,"18,907.27","5,698.68",1.15,"5,699.83","14,786.86","18,572.59",129.06,"18,701.66","5,717.95",80.52,"5,798.47","13,792.95","16,883.27",171.97,"17,055.24","5,591.88",96.69,"5,688.57","9,797.02","10,597.71",223.22,"10,820.92","3,198.72",60.26,"3,258.98"
State of California,Barstow,"1,883.80","2,562.50",28.59,"2,591.09",609.22,0.00,609.22,"1,813.48","2,490.33",31.75,"2,522.08",551.76,0.00,551.76,"1,196.61","2,482.32",32.62,"2,514.95",577.78,0.00,577.78,502.91,"2,558.92",37.06,"2,595.98",615.82,0.00,615.82,421.69,"2,159.50",9.42,"2,168.92",451.90,0.00,451.90,"1,058.19","2,161.10",60.77,"2,221.88",460.62,19.83,480.45,"2,436.72","2,681.42",69.40,"2,750.82",562.73,10.17,572.90
State of California,Berkeley City,"3,961.70","4,559.30",1.74,"4,561.04",820.04,0.00,820.04,"3,805.71","4,369.94",0.00,"4,369.94",715.51,0.00,715.51,"3,654.81","4,146.85",14.95,"4,161.80",700.64,12.26,712.90,"3,627.86","3,826.11",104.92,"3,931.03",711.17,46.63,757.80,"3,406.28","3,552.98",134.96,"3,687.95",666.17,51.76,717.92,"3,146.28","3,218.91",173.74,"3,392.65",823.54,89.75,913.29,"3,395.80","3,495.76",425.48,"3,921.25",989.23,116.76,"1,105.99"
State of California,Butte,"7,366.22","9,657.69","1,185.49","10,843.18","3,762.69",2.15,"3,764.84","7,317.16","9,795.91","1,414.25","11,210.15","4,064.83",2.72,"4,067.55","7,417.78","9,138.33","1,306.41","10,444.74","3,581.94",120.32,"3,702.26","7,368.86","8,979.66",568.95,"9,548.60","3,761.53",48.65,"3,810.19","6,679.16","8,138.85",61.80,"8,200.64","3,510.93",11.39,"3,522.32","6,952.45","8,143.69",153.74,"8,297.43","3,562.36",4.53,"3,566.89","7,206.91","7,961.43",279.00,"8,240.43","3,343.38",4.09,"3,347.47"
State of California,Cabrillo,"7,325.36","9,337.05",185.12,"9,522.18","2,364.32",0.40,"2,364.72","7,255.04","9,377.66",166.27,"9,543.93","2,571.60",5.52,"2,577.12","7,307.97","8,773.99",395.90,"9,169.89","2,296.75",13.12,"2,309.87","7,370.83","8,592.60",335.91,"8,928.51","2,409.92",16.04,"2,425.96","6,543.29","7,622.73",295.52,"7,918.25","2,224.88",68.16,"2,293.04","5,687.80","6,491.09",432.49,"6,923.58","1,665.43",49.05,"1,714.48","4,407.34","5,391.71",794.89,"6,186.60","1,510.97",159.45,"1,670.41"
State of California,CalBright,,,,,,,,,,,,,,,,,,,,,,0.00,0.00,111.37,111.37,0.00,28.23,28.23,0.00,0.00,260.54,260.54,0.00,171.40,171.40,0.00,0.00,491.14,491.14,0.00,373.71,373.71,0.00,0.00,581.69,581.69,0.00,434.07,434.07
State of California,Canada,"4,102.55","4,788.23",4.01,"4,792.24","1,135.21",0.00,"1,135.21","3,984.58","4,523.33",0.00,"4,523.33","1,097.91",0.00,"1,097.91","3,951.50","4,435.21",0.00,"4,435.21","1,188.50",0.00,"1,188.50","3,127.63","3,408.56",7.33,"3,415.89",804.59,0.00,804.59,"3,565.50","3,802.65",4.90,"3,807.55",979.53,0.00,979.53,"3,590.48","3,789.52",0.03,"3,789.55","1,066.89",0.00,"1,066.89","2,823.41","3,019.99",0.98,"3,020.97",813.20,0.00,813.20
State of California,Canyons,"13,709.23","15,754.70",391.14,"16,145.83","4,624.08",14.55,"4,638.64","14,019.76","15,901.87",393.46,"16,295.34","4,880.24",23.25,"4,903.49","14,033.39","15,886.05",383.10,"16,269.14","5,167.32",41.64,"5,208.96","14,577.32","15,362.89",585.34,"15,948.23","4,747.49",339.42,"5,086.91","13,056.28","13,797.17","1,116.91","14,914.08","3,738.64",810.83,"4,549.47","12,052.23","12,622.98","1,195.84","13,818.82","3,697.26",813.90,"4,511.15","12,181.53","12,837.78","1,232.91","14,070.69","4,607.29",903.33,"5,510.62"
State of California,Cerritos,"13,837.07","17,199.83",834.06,"18,033.90","5,162.35",424.05,"5,586.40","13,741.90","16,961.23",786.25,"17,747.48","5,256.50",427.88,"5,684.38","13,855.22","16,800.41",545.10,"17,345.52","5,479.39",178.13,"5,657.53","15,428.65","17,504.38",432.77,"17,937.15","5,723.96",83.72,"5,807.68","14,780.48","16,548.40",332.84,"16,881.24","5,391.37",49.27,"5,440.64","9,468.02","10,871.12",320.03,"11,191.16","3,744.74",55.23,"3,799.97","34,186.61","36,081.10",351.37,"36,432.47","11,578.95",58.59,"11,637.54"
State of California,Cerro Coso,"2,426.16","2,834.84",6.26,"2,841.09","1,023.54",0.00,"1,023.54","2,714.87","3,098.09",1.09,"3,099.18","1,118.55",0.00,"1,118.55","3,083.01","3,460.16",1.02,"3,461.19","1,283.75",0.00,"1,283.75","3,313.57","3,480.51",0.78,"3,481.29","1,269.50",0.00,"1,269.50","3,161.81","3,346.12",3.28,"3,349.40","1,189.67",0.00,"1,189.67","2,919.15","3,068.39",2.44,"3,070.83","1,127.16",0.00,"1,127.16","1,545.09","1,636.04",0.00,"1,636.04",626.63,0.00,626.63
State of California,Chabot Hayward,"8,280.28","9,817.06",92.69,"9,909.75","2,800.19",0.00,"2,800.19","8,321.94","9,820.96",80.14,"9,901.10","2,897.08",0.00,"2,897.08","8,450.50","9,789.00",73.66,"9,862.66","2,982.64",0.00,"2,982.64","8,924.82","9,722.97",37.05,"9,760.01","2,999.06",0.00,"2,999.06","8,799.01","9,350.56",10.69,"9,361.25","3,056.44",0.58,"3,057.02","7,846.62","8,338.47",59.22,"8,397.69","3,027.57",0.39,"3,027.97","7,726.41","7,965.55",78.74,"8,044.29","2,991.94",0.74,"2,992.67"
State of California,Chaffey,"12,801.60","16,100.97",372.70,"16,473.66","3,580.80",0.00,"3,580.80","13,233.65","16,430.42",386.19,"16,816.61","3,784.25",0.00,"3,784.25","13,810.42","16,598.74",352.68,"16,951.42","3,809.50",0.89,"3,810.39","14,659.70","16,257.85",349.01,"16,606.85","3,893.68",93.63,"3,987.31","13,480.96","14,389.56",123.54,"14,513.10","3,402.91",30.07,"3,432.99","12,797.88","13,628.42",184.35,"13,812.76","3,683.37",55.35,"3,738.72","13,477.81","14,388.20",258.61,"14,646.81","4,040.87",63.96,"4,104.82"
State of California,Citrus,"9,604.00","12,311.16",332.26,"12,643.42","2,877.75",13.16,"2,890.91","9,599.09","12,308.59",307.67,"12,616.26","2,875.40",13.62,"2,889.02","10,185.97","12,112.96",316.06,"12,429.02","2,967.70",11.27,"2,978.96","10,424.82","11,825.17",280.14,"12,105.31","2,960.08",4.59,"2,964.67","9,379.88","10,479.69",229.78,"10,709.47","2,368.44",7.00,"2,375.44","7,811.43","8,831.40",192.79,"9,024.19","2,225.31",6.80,"2,232.10","7,917.84","9,021.40",246.72,"9,268.12","2,285.87",14.39,"2,300.26"
State of California,Clovis,"4,142.22","4,689.71",26.57,"4,716.28",684.41,0.00,684.41,"4,566.32","5,126.43",12.79,"5,139.22",758.74,0.00,758.74,"5,007.64","5,487.46",13.09,"5,500.55",865.66,0.00,865.66,"5,698.32","5,886.10",20.06,"5,906.17","1,045.39",0.00,"1,045.39","5,632.24","5,775.66",9.86,"5,785.51","1,088.42",0.00,"1,088.42","5,029.35","5,145.55",2.62,"5,148.16",940.44,0.13,940.58,"5,098.16","5,149.75",20.43,"5,170.18",956.42,0.36,956.78
State of California,Coastline,"5,948.17","6,627.81",244.53,"6,872.34","1,531.63",0.00,"1,531.63","6,121.85","6,812.02",261.12,"7,073.14","1,618.42",0.60,"1,619.01","6,180.81","6,733.47",286.35,"7,019.83","1,504.91",1.59,"1,506.50","5,704.21","6,071.07",283.46,"6,354.52","1,383.59",4.59,"1,388.17","4,533.83","4,747.97",176.32,"4,924.29","1,036.06",2.66,"1,038.72","3,779.86","3,960.02",157.58,"4,117.59",823.01,3.32,826.32,"3,993.26","4,140.03",214.41,"4,354.44",941.02,4.37,945.39
State of California,Columbia,"1,324.74","1,823.42",94.97,"1,918.39",576.86,0.00,576.86,"1,140.74","1,590.52",104.35,"1,694.87",522.68,0.00,522.68,"1,260.74","1,622.91",108.55,"1,731.46",558.74,0.22,558.96,"1,363.97","1,639.87",102.98,"1,742.86",565.86,0.40,566.26,"1,319.15","1,510.56",18.04,"1,528.60",427.56,0.00,427.56,"1,207.69","1,439.85",22.49,"1,462.34",502.18,0.00,502.18,441.71,634.68,28.82,663.49,306.48,0.00,306.48
State of California,Compton,"4,095.17","5,252.86",8.93,"5,261.79",920.74,0.00,920.74,"3,946.98","4,934.84",21.36,"4,956.19",934.13,0.00,934.13,"3,899.56","4,575.60",1.20,"4,576.80",911.10,0.00,911.10,"4,169.92","4,523.80",20.48,"4,544.28","1,143.57",0.00,"1,143.57","3,292.94","3,427.69",7.92,"3,435.61",838.15,6.20,844.35,"2,852.59","2,943.10",22.81,"2,965.91",747.22,18.76,765.97,"1,799.56","1,844.25",16.53,"1,860.78",507.41,10.54,517.95
State of California,Contra Costa,"3,914.76","5,030.64",121.58,"5,152.22","1,460.64",0.14,"1,460.77","4,030.20","4,987.60",123.69,"5,111.29","1,539.06",0.28,"1,539.35","4,295.93","5,270.21",114.21,"5,384.42","1,662.12",0.17,"1,662.29","4,507.53","5,234.09",81.88,"5,315.97","1,654.19",0.16,"1,654.35","3,892.26","4,352.01",55.24,"4,407.25","1,260.86",0.00,"1,260.86","3,588.94","3,948.25",73.46,"4,021.72","1,273.95",0.36,"1,274.31","3,819.58","4,156.84",130.35,"4,287.19","1,298.67",1.36,"1,300.03"
State of California,Copper Mountain,"1,001.32","1,423.62",107.33,"1,530.95",320.51,0.00,320.51,"1,054.23","1,576.73",102.88,"1,679.61",371.98,0.00,371.98,"1,007.76","1,352.93",95.48,"1,448.41",337.78,0.00,337.78,"1,017.75","1,219.05",75.99,"1,295.04",292.10,0.00,292.10,"1,169.66","1,296.75",25.14,"1,321.89",293.68,0.00,293.68,925.59,"1,028.28",206.12,"1,234.40",230.36,14.22,244.58,"1,347.61","1,434.19",113.16,"1,547.36",319.90,10.94,330.84
State of California,Cosumnes River,"7,393.19","9,442.79",1.99,"9,444.78","2,609.95",0.00,"2,609.95","7,553.43","9,520.35",3.09,"9,523.44","2,577.73",0.00,"2,577.73","7,973.44","9,814.39",0.00,"9,814.39","2,685.51",0.00,"2,685.51","8,655.96","10,121.25",0.00,"10,121.25","2,830.02",0.00,"2,830.02","8,356.86","9,634.32",4.03,"9,638.35","2,581.59",0.00,"2,581.59","7,501.57","8,521.85",2.38,"8,524.22","2,488.14",0.00,"2,488.14","7,696.27","8,567.24",17.76,"8,584.99","2,596.19",0.00,"2,596.19"
State of California,Crafton Hills,"3,452.80","4,461.98",35.16,"4,497.14",805.78,0.00,805.78,"3,672.53","4,628.05",26.72,"4,654.76",907.61,0.67,908.28,"3,853.06","4,698.99",30.34,"4,729.33",890.46,5.78,896.24,"4,240.52","4,684.86",1.23,"4,686.08",806.95,1.23,808.17,"3,942.95","4,341.88",1.74,"4,343.62",823.03,0.00,823.03,"3,510.43","3,712.09",6.11,"3,718.20",792.52,1.35,793.87,"3,384.94","3,624.36",37.72,"3,662.08",899.23,31.69,930.92
State of California,Cuesta,"6,227.09","7,473.63",378.33,"7,851.96","2,295.25",10.41,"2,305.66","6,373.16","7,516.44",463.31,"7,979.75","2,441.63",12.54,"2,454.17","6,638.07","7,625.91",528.72,"8,154.63","2,738.72",13.82,"2,752.54","7,016.63","7,742.99",425.57,"8,168.57","2,782.24",15.80,"2,798.03","6,697.47","7,127.37",231.50,"7,358.87","2,270.98",15.46,"2,286.45","6,287.29","6,728.68",401.17,"7,129.85","2,396.87",22.85,"2,419.72","6,386.65","6,829.04",389.11,"7,218.15","2,499.45",23.21,"2,522.66"
State of California,Cuyamaca,"4,491.99","5,394.73",0.00,"5,394.73","1,154.48",0.00,"1,154.48","4,439.41","5,267.89",0.00,"5,267.89","1,171.49",0.00,"1,171.49","4,277.80","4,844.89",0.00,"4,844.89","1,151.20",0.00,"1,151.20","4,305.34","4,738.77",0.00,"4,738.77","1,126.38",0.00,"1,126.38","3,770.57","4,031.64",0.00,"4,031.64",903.68,0.00,903.68,"3,520.30","3,717.42",3.34,"3,720.77",785.65,0.00,785.65,"3,671.78","3,869.79",2.22,"3,872.01",828.16,0.00,828.16
State of California,Cypress,"10,990.74","12,765.48",0.00,"12,765.48","5,429.32",0.00,"5,429.32","11,054.76","12,736.77",0.00,"12,736.77","4,992.75",0.00,"4,992.75","11,462.88","12,904.26",0.00,"12,904.26","4,440.49",0.00,"4,440.49","11,527.48","12,349.18",0.00,"12,349.18","4,003.80",0.00,"4,003.80","10,811.46","11,457.92",0.00,"11,457.92","3,582.76",0.00,"3,582.76","9,739.73","10,252.01",0.00,"10,252.01","3,395.66",0.00,"3,395.66","9,902.01","10,194.30",31.24,"10,225.54","3,461.31",31.24,"3,492.55"
State of California,Deanza,"15,604.89","18,308.62",0.00,"18,308.62","4,303.12",0.00,"4,303.12","14,816.81","17,178.34",0.00,"17,178.34","4,191.73",0.00,"4,191.73","14,861.32","16,306.75",1.80,"16,308.55","4,088.44",1.80,"4,090.24","14,929.62","15,900.24",12.22,"15,912.46","3,983.95",12.22,"3,996.18","15,224.87","16,127.43",26.66,"16,154.10","4,175.54",22.88,"4,198.43","13,341.39","14,223.01",88.06,"14,311.07","3,663.24",34.46,"3,697.70","13,139.62","13,880.89",258.74,"14,139.63","3,613.70",110.85,"3,724.55"
State of California,Desert,"6,687.58","8,370.51",732.37,"9,102.88","2,223.40",0.00,"2,223.40","7,504.53","9,268.98",700.87,"9,969.85","2,926.35",15.34,"2,941.69","7,756.05","9,309.92",697.92,"10,007.84","3,061.69",19.39,"3,081.08","8,737.26","9,733.02","1,777.76","11,510.78","3,464.62",28.21,"3,492.83","8,001.63","8,677.59",786.11,"9,463.69","2,727.31",32.98,"2,760.29","7,409.94","8,068.78","1,068.22","9,136.99","2,950.53",23.29,"2,973.82","6,947.65","7,590.67","1,488.58","9,079.25","2,903.65",21.54,"2,925.19"
State of California,Diablo Valley,"15,210.28","17,160.78",0.00,"17,160.78","4,169.23",0.00,"4,169.23","15,455.54","17,305.96",0.00,"17,305.96","4,281.62",0.00,"4,281.62","15,234.37","16,895.16",0.13,"16,895.30","4,510.87",0.00,"4,510.87","15,596.00","17,057.72",0.28,"17,058.01","4,665.03",0.00,"4,665.03","15,102.91","15,986.55",0.00,"15,986.55","4,808.74",0.00,"4,808.74","13,899.35","14,800.92",8.30,"14,809.22","4,937.07",0.00,"4,937.07","13,320.36","13,794.98",18.01,"13,812.99","4,568.82",0.00,"4,568.82"
State of California,East LA,"15,315.31","22,222.99","1,664.35","23,887.34","8,026.94",2.39,"8,029.33","16,064.57","21,616.81","1,941.23","23,558.04","6,317.26",18.35,"6,335.60","16,761.01","21,413.23","1,410.06","22,823.29","6,902.15",52.73,"6,954.88","17,309.69","20,926.64","1,080.68","22,007.31","6,734.21",64.93,"6,799.14","16,633.34","19,983.91",641.57,"20,625.48","6,120.41",71.27,"6,191.67","14,216.12","17,228.56",526.77,"17,755.33","5,855.19",28.42,"5,883.60","13,973.28","16,668.25","1,201.09","17,869.34","6,137.05",52.68,"6,189.73"
State of California,El Camino,"15,596.94","19,043.55",17.42,"19,060.98","3,792.62",0.00,"3,792.62","15,159.38","18,404.28",19.25,"18,423.53","3,892.37",0.00,"3,892.37","15,769.41","18,119.77",20.56,"18,140.33","4,450.93",0.00,"4,450.93","16,364.99","17,507.06",0.28,"17,507.34","4,150.21",0.00,"4,150.21","14,893.96","15,890.87",31.56,"15,922.43","3,920.08",5.85,"3,925.93","14,262.64","14,943.55",11.37,"14,954.92","3,744.74",0.39,"3,745.13","18,955.95","19,628.20",13.47,"19,641.67","4,913.63",0.00,"4,913.63"
State of California,Evergreen Valley,"4,869.02","6,524.74",88.74,"6,613.48","1,095.61",2.27,"1,097.88","5,017.06","6,689.95",92.77,"6,782.72","1,100.29",1.23,"1,101.52","5,441.41","6,938.93",96.59,"7,035.52","1,121.85",0.17,"1,122.02","5,777.29","6,896.81",72.28,"6,969.09","1,154.95",0.00,"1,154.95","5,551.75","6,179.14",32.21,"6,211.35","1,180.27",0.00,"1,180.27","4,889.97","5,385.87",29.62,"5,415.48","1,021.70",0.00,"1,021.70","5,157.93","5,543.91",11.86,"5,555.77","1,101.49",0.00,"1,101.49"
State of California,Feather River,"1,094.84","1,546.36",31.08,"1,577.44",599.58,0.00,599.58,"1,475.42","1,926.26",36.87,"1,963.12",948.94,0.00,948.94,"1,765.59","2,083.14",39.29,"2,122.43","1,030.34",0.00,"1,030.34","1,460.72","1,794.85",34.13,"1,828.97",830.41,0.00,830.41,"1,320.99","1,547.31",36.69,"1,584.00",707.08,5.28,712.36,"1,279.20","1,532.37",44.73,"1,577.09",682.14,6.27,688.42,698.79,829.36,27.57,856.93,332.30,3.50,335.80
State of California,Folsom Lake,"4,896.22","6,013.94",0.00,"6,013.94","1,102.13",0.00,"1,102.13","4,888.57","5,978.58",0.00,"5,978.58","1,086.74",0.00,"1,086.74","5,357.98","6,142.95",0.00,"6,142.95","1,203.66",0.00,"1,203.66","5,989.17","6,455.44",0.00,"6,455.44","1,269.10",0.00,"1,269.10","5,577.82","6,125.99",0.00,"6,125.99","1,228.47",0.00,"1,228.47","5,001.22","5,408.63",1.64,"5,410.27","1,130.86",0.00,"1,130.86","5,248.55","5,588.99",7.93,"5,596.91","1,254.59",0.00,"1,254.59"
State of California,Foothill,"11,159.88","13,264.75",449.95,"13,714.69","4,741.73",24.93,"4,766.67","10,524.79","12,199.91",520.33,"12,720.24","4,283.97",40.56,"4,324.53","10,324.49","11,667.36",433.92,"12,101.28","4,357.26",36.00,"4,393.26","10,088.70","11,234.03",336.26,"11,570.29","4,196.64",51.54,"4,248.18","9,561.65","10,916.23",300.43,"11,216.66","4,164.63",30.97,"4,195.60","7,932.71","9,161.72",251.78,"9,413.49","3,672.61",62.34,"3,734.95","7,875.52","8,941.32",255.96,"9,197.28","3,640.49",50.44,"3,690.93"
State of California,Fresno City,"13,895.61","17,419.68",286.56,"17,706.24","5,490.38",98.39,"5,588.77","14,717.94","17,986.78",302.74,"18,289.53","6,033.05",161.81,"6,194.86","15,715.69","18,669.58",344.11,"19,013.69","6,815.39",183.07,"6,998.46","16,929.97","18,737.63",339.16,"19,076.78","7,052.06",157.77,"7,209.83","14,385.14","16,178.25",131.40,"16,309.66","6,157.73",72.73,"6,230.46","13,215.87","14,898.66",102.41,"15,001.08","5,896.36",59.97,"5,956.34","14,407.62","16,672.11",169.41,"16,841.52","7,085.27",78.36,"7,163.63"
State of California,Fullerton,"18,827.38","22,755.79",0.00,"22,755.79","7,585.73",0.00,"7,585.73","18,608.66","22,278.45",0.00,"22,278.45","6,747.31",0.00,"6,747.31","17,969.44","20,607.17",0.00,"20,607.17","5,736.84",0.00,"5,736.84","16,348.82","17,671.75",0.00,"17,671.75","4,916.14",0.00,"4,916.14","15,571.03","16,674.24",0.00,"16,674.24","4,669.14",0.00,"4,669.14","13,245.94","14,012.80",0.00,"14,012.80","4,169.26",0.00,"4,169.26","13,157.84","13,954.31",0.00,"13,954.31","4,062.09",0.00,"4,062.09"
State of California,Gavilan,"3,934.09","4,792.47",543.85,"5,336.32","1,530.84",6.76,"1,537.59","3,946.68","4,725.75",472.35,"5,198.11","1,577.50",10.41,"1,587.91","3,847.61","4,675.08",605.98,"5,281.07","1,597.68",5.63,"1,603.32","3,976.29","4,743.12",558.60,"5,301.72","1,686.61",1.65,"1,688.27","3,190.43","3,642.79",224.95,"3,867.74","1,202.51",0.00,"1,202.51","3,014.48","3,452.11",578.92,"4,031.03","1,190.19",1.00,"1,191.19","3,250.68","3,647.95",614.03,"4,261.98","1,213.09",0.60,"1,213.70"
State of California,Glendale,"9,837.00","12,498.26","2,485.34","14,983.60","2,918.21",342.73,"3,260.94","9,626.90","12,092.32","2,373.06","14,465.38","2,876.03",333.62,"3,209.65","9,519.57","11,544.95","2,136.71","13,681.66","2,915.77",314.00,"3,229.77","9,632.80","11,397.40","1,598.90","12,996.30","2,937.55",299.66,"3,237.21","9,682.40","11,047.98","1,260.53","12,308.51","2,814.63",274.09,"3,088.72","8,381.14","9,326.64","1,668.35","10,995.00","2,529.43",375.03,"2,904.46","7,927.89","8,651.71","2,243.84","10,895.55","2,359.60",303.21,"2,662.81"
State of California,Golden West,"7,783.25","10,008.84",12.34,"10,021.17","2,308.22",0.00,"2,308.22","9,089.37","10,656.55",36.71,"10,693.25","2,544.23",0.00,"2,544.23","8,992.47","10,416.91",86.77,"10,503.68","2,553.05",1.79,"2,554.84","9,297.22","10,073.53",242.27,"10,315.81","2,234.00",0.00,"2,234.00","9,026.14","9,485.69",136.77,"9,622.46","1,640.94",0.00,"1,640.94","7,413.85","7,806.44",90.74,"7,897.18","1,520.04",0.88,"1,520.92","7,383.25","7,854.47",119.90,"7,974.37","1,720.36",11.03,"1,731.39"
State of California,Grossmont,"10,236.52","11,931.62",20.39,"11,952.02","2,028.98",4.33,"2,033.31","10,104.26","11,672.55",20.00,"11,692.55","2,037.10",4.10,"2,041.19","10,163.24","11,296.65",16.87,"11,313.51","2,096.64",0.00,"2,096.64","9,674.31","10,250.67",13.09,"10,263.76","1,950.81",0.00,"1,950.81","7,951.87","8,372.50",8.43,"8,380.94","1,874.78",0.00,"1,874.78","6,845.91","7,095.39",20.98,"7,116.37","1,752.93",0.00,"1,752.93","7,246.02","7,381.55",12.41,"7,393.96","1,778.62",11.33,"1,789.95"
State of California,Hartnell,"5,759.57","7,554.16",6.11,"7,560.27","1,848.36",2.71,"1,851.07","5,441.81","7,401.61",5.36,"7,406.97","1,912.75",1.33,"1,914.08","5,997.80","7,620.21",32.74,"7,652.95","1,970.72",1.48,"1,972.20","6,619.76","7,784.60",54.36,"7,838.96","2,140.86",1.17,"2,142.03","6,170.50","6,956.96",44.58,"7,001.54","1,771.61",0.08,"1,771.69","5,588.43","6,339.66",59.01,"6,398.68","1,611.46",1.18,"1,612.64","5,822.66","6,340.23",61.04,"6,401.27","1,695.41",0.44,"1,695.85"
State of California,Imperial,"5,589.32","7,248.75",63.45,"7,312.20","1,767.37",7.64,"1,775.01","6,194.57","7,888.33",65.70,"7,954.03","1,999.70",10.74,"2,010.44","6,342.13","7,821.48",42.79,"7,864.27","1,878.36",3.68,"1,882.04","6,957.45","8,179.76",71.61,"8,251.37","2,007.32",3.47,"2,010.79","6,417.62","7,358.82",60.48,"7,419.30","1,839.45",1.46,"1,840.92","6,921.72","7,765.27",179.32,"7,944.58","1,851.61",4.27,"1,855.88","4,583.40","5,041.78",137.90,"5,179.68","1,138.13",6.68,"1,144.81"
State of California,Irvine,"9,067.42","10,642.10",412.02,"11,054.12","1,335.58",0.00,"1,335.58","8,605.85","9,899.65",664.99,"10,564.64","1,286.08",0.00,"1,286.08","8,560.94","9,600.90",831.07,"10,431.97","1,226.81",0.00,"1,226.81","8,668.26","9,291.14",845.55,"10,136.69","1,292.55",0.00,"1,292.55","8,460.44","8,933.32",839.22,"9,772.54","1,242.57",0.00,"1,242.57","7,550.78","7,969.61",891.87,"8,861.48","1,136.93",0.00,"1,136.93","7,378.82","7,702.09",944.29,"8,646.38","1,193.99",10.90,"1,204.89"
State of California,LA City,"8,682.79","10,967.64","1,025.81","11,993.45","2,902.77",194.88,"3,097.64","7,797.04","9,542.34",996.06,"10,538.40","2,175.99",119.84,"2,295.83","8,225.09","9,711.74",934.80,"10,646.54","2,243.52",81.88,"2,325.41","9,148.33","9,911.46",975.72,"10,887.17","2,472.84",114.20,"2,587.04","9,369.85","9,959.48",542.95,"10,502.43","2,599.38",92.34,"2,691.72","7,927.09","8,395.67",510.30,"8,905.97","2,285.33",68.39,"2,353.73","7,946.74","8,365.16",756.90,"9,122.06","2,405.02",96.08,"2,501.10"
State of California,LA Harbor,"4,952.87","5,985.49",87.45,"6,072.94","1,161.76",33.93,"1,195.69","5,125.57","6,072.52",50.44,"6,122.96",922.78,10.20,932.98,"4,718.94","5,520.33",57.42,"5,577.75",835.80,12.28,848.08,"5,357.60","5,755.78",87.69,"5,843.46",815.50,17.99,833.50,"4,827.45","5,036.11",64.32,"5,100.43",703.46,16.54,720.01,"4,143.86","4,277.07",64.63,"4,341.69",636.29,10.06,646.35,"4,574.90","4,685.43",107.52,"4,792.95",719.83,15.52,735.36
State of California,LA ITV,365.01,665.02,0.00,665.02,0.00,0.00,0.00,58.11,131.78,0.00,131.78,0.00,0.00,0.00,32.47,60.56,0.00,60.56,0.00,0.00,0.00,,,,,,,,,,,,,,,,,,,,,,,,,,,,
State of California,LA Mission,"4,576.51","5,705.82",345.12,"6,050.94","1,332.81",1.30,"1,334.11","4,880.46","5,995.82",477.61,"6,473.44","1,319.98",0.17,"1,320.15","5,023.70","5,942.71",438.29,"6,381.00","1,351.55",0.14,"1,351.69","5,714.75","6,133.38",386.29,"6,519.68","1,414.18",1.08,"1,415.26","5,075.44","5,405.84",160.25,"5,566.08","1,249.24",0.00,"1,249.24","4,691.80","4,944.70",173.89,"5,118.59","1,239.15",0.00,"1,239.15","5,232.72","5,435.47",286.83,"5,722.30","1,483.08",0.71,"1,483.79"
State of California,LA Pierce,"11,756.92","13,844.90",332.34,"14,177.23","3,176.09",60.64,"3,236.73","11,294.25","13,239.41",358.89,"13,598.30","2,858.02",59.88,"2,917.90","11,606.62","13,341.04",394.17,"13,735.22","2,885.58",82.44,"2,968.02","12,620.79","13,470.85",436.67,"13,907.52","2,975.90",90.59,"3,066.48","10,973.02","11,577.33",614.03,"12,191.35","2,365.59",110.92,"2,476.50","9,360.75","9,798.13",579.98,"10,378.11","2,335.39",86.72,"2,422.10","10,112.22","10,565.81",528.46,"11,094.27","2,531.97",78.21,"2,610.17"
State of California,LA Swest,"3,437.28","4,285.51",649.38,"4,934.89",738.81,7.23,746.04,"3,262.30","3,932.14",509.42,"4,441.56",543.37,1.18,544.55,"3,169.15","3,850.02",417.26,"4,267.27",550.98,13.11,564.10,"3,619.81","3,862.75",443.69,"4,306.44",648.12,62.92,711.04,"2,935.05","3,104.09",180.29,"3,284.38",520.40,25.10,545.49,"2,581.79","2,697.10",158.27,"2,855.37",432.67,41.62,474.29,"2,751.80","2,890.95",271.48,"3,162.42",466.44,36.35,502.79
State of California,LA Trade,"7,125.53","10,826.08",783.25,"11,609.32","6,742.10",82.18,"6,824.28","6,921.02","9,798.38",928.62,"10,727.00","6,067.60",93.82,"6,161.42","5,686.77","9,800.42",463.01,"10,263.43","5,631.49",93.26,"5,724.75","6,136.60","10,192.59",453.81,"10,646.40","6,136.79",47.82,"6,184.62","5,405.23","8,194.26",191.26,"8,385.53","4,567.56",36.72,"4,604.27","4,386.26","7,220.23",119.58,"7,339.81","4,510.90",26.74,"4,537.64","4,801.75","8,085.48",170.59,"8,256.07","5,469.06",46.00,"5,515.06"
State of California,LA Valley,"9,064.26","10,981.79",804.01,"11,785.80","2,097.64",62.02,"2,159.66","9,570.73","11,374.35",741.61,"12,115.96","2,011.09",20.74,"2,031.83","9,540.16","11,136.19",781.33,"11,917.51","2,035.70",60.45,"2,096.15","10,228.36","10,965.18",706.08,"11,671.26","2,054.23",63.09,"2,117.32","9,253.48","9,785.12",422.14,"10,207.26","1,988.20",46.63,"2,034.83","7,996.11","8,427.84",452.70,"8,880.54","1,816.74",36.97,"1,853.70","8,781.81","9,158.07",848.50,"10,006.56","1,888.45",60.40,"1,948.86"
State of California,Lake Tahoe,"1,814.76","2,678.10",65.21,"2,743.32",870.03,0.41,870.44,"2,316.99","3,097.30",53.20,"3,150.50",889.48,1.92,891.40,"2,930.46","3,763.28",80.84,"3,844.13",932.39,5.05,937.44,"1,439.07","1,828.57",84.14,"1,912.70",654.33,3.20,657.53,"1,479.36","1,843.21",30.99,"1,874.20",675.75,2.69,678.44,"1,304.33","1,752.23",58.94,"1,811.18",783.59,4.65,788.24,"1,374.00","1,896.64",70.49,"1,967.13",850.64,4.61,855.25
State of California,Laney,"5,169.98","7,415.54",4.47,"7,420.01","2,032.04",0.85,"2,032.89","5,012.71","7,292.30",3.78,"7,296.07","2,165.22",3.66,"2,168.88","5,034.02","7,201.61",26.68,"7,228.28","2,308.50",3.41,"2,311.91","5,095.28","7,133.57",97.46,"7,231.03","2,419.40",8.46,"2,427.86","4,336.19","5,610.10",233.88,"5,843.98","1,518.23",8.11,"1,526.34","4,010.95","5,251.00",414.72,"5,665.72","1,621.33",12.68,"1,634.02","4,497.40","5,859.41",350.01,"6,209.41","1,934.37",7.36,"1,941.74"
State of California,Las Positas,"6,058.32","6,968.53",0.00,"6,968.53","1,647.86",0.00,"1,647.86","6,216.74","7,036.53",0.14,"7,036.67","1,706.89",0.00,"1,706.89","6,323.15","6,984.37",0.00,"6,984.37","1,822.84",0.00,"1,822.84","6,552.64","6,894.12",34.88,"6,929.00","1,756.75",0.89,"1,757.64","6,013.28","6,234.02",33.64,"6,267.65","1,330.96",9.72,"1,340.68","5,217.94","5,361.78",30.45,"5,392.23","1,146.04",7.98,"1,154.01","5,112.04","5,209.43",75.84,"5,285.26","1,079.40",14.79,"1,094.19"
State of California,Lassen,"1,113.08","1,683.10",24.57,"1,707.66",726.80,0.36,727.16,"1,115.65","1,766.83",19.66,"1,786.49",815.57,1.10,816.67,"1,176.62","1,719.05",28.22,"1,747.28",653.25,1.14,654.39,"1,212.46","1,630.94",23.00,"1,653.94",597.25,1.16,598.41,"1,032.89","1,352.00",55.65,"1,407.65",493.14,9.71,502.84,984.41,"1,281.21",69.76,"1,350.97",445.57,16.69,462.26,535.48,686.15,23.56,709.71,231.18,3.31,234.49
State of California,Long Beach,"14,508.79","19,748.56",431.85,"20,180.41","4,797.94",1.34,"4,799.28","14,646.09","19,475.26",520.20,"19,995.46","4,417.98",16.86,"4,434.84","15,232.88","19,014.93",462.70,"19,477.63","4,521.04",18.57,"4,539.61","16,476.29","19,546.95",401.87,"19,948.83","4,802.92",52.46,"4,855.38","17,393.54","19,985.31",240.58,"20,225.89","4,642.49",38.56,"4,681.05","15,712.33","17,835.86",271.49,"18,107.34","4,443.38",45.74,"4,489.12","16,556.50","18,415.75",395.51,"18,811.26","4,795.84",68.55,"4,864.39"
State of California,Los Medanos,"6,663.04","7,814.87",37.39,"7,852.26","2,143.48",37.39,"2,180.88","6,938.78","7,812.25",34.08,"7,846.33","2,089.29",34.08,"2,123.37","7,105.96","7,866.76",41.12,"7,907.88","1,971.88",32.09,"2,003.97","7,226.90","7,845.62",50.73,"7,896.35","2,102.81",18.32,"2,121.13","6,643.57","7,261.96",42.79,"7,304.75","1,870.41",1.93,"1,872.34","6,196.58","6,755.97",45.30,"6,801.27","1,826.36",8.98,"1,835.34","5,920.54","6,356.66",48.02,"6,404.68","1,658.24",11.75,"1,670.00"
State of California,Madera,,,,,,,,,,,,,,,,,,,,,,,,,,,,,"2,139.08","2,271.41",9.58,"2,280.99",539.64,0.00,539.64,"2,565.45","2,747.20",12.43,"2,759.63",718.48,0.00,718.48,"2,775.52","2,881.59",30.28,"2,911.87",774.90,0.00,774.90
State of California,Marin,"2,994.26","3,539.00",266.62,"3,805.62",945.12,0.69,945.80,"2,869.62","3,442.64",274.98,"3,717.62",963.36,0.41,963.77,"2,862.40","3,374.31",275.33,"3,649.65",943.69,2.25,945.93,"2,844.28","3,159.61",244.98,"3,404.59",908.91,4.78,913.69,"2,810.54","3,046.78",163.00,"3,209.78",875.59,3.34,878.93,"2,658.47","2,909.09",181.48,"3,090.57",855.54,3.10,858.64,"2,818.15","2,977.05",291.74,"3,268.78",880.16,19.80,899.96
State of California,Mendocino,"2,471.98","3,011.18",81.30,"3,092.48","1,120.70",18.03,"1,138.74","2,246.43","2,809.03",84.81,"2,893.83","1,113.21",15.07,"1,128.28","2,361.29","2,841.90",88.05,"2,929.95","1,096.87",8.42,"1,105.28","2,528.79","2,860.95",68.31,"2,929.26","1,061.86",13.10,"1,074.96","2,390.99","2,547.49",192.92,"2,740.40",696.79,4.95,701.75,"1,968.11","2,143.68",257.99,"2,401.67",648.02,16.89,664.90,"2,144.64","2,324.88",292.21,"2,617.09",725.26,8.35,733.60
State of California,Merced,"6,954.93","8,933.96",848.79,"9,782.75","2,105.64",144.98,"2,250.62","7,257.55","8,839.91",871.47,"9,711.38","2,264.80",138.35,"2,403.16","7,727.43","9,020.16",912.86,"9,933.02","2,371.83",151.66,"2,523.49","8,144.50","9,142.34",715.69,"9,858.04","2,347.82",117.29,"2,465.10","8,076.36","8,930.13",682.74,"9,612.87","2,170.11",130.40,"2,300.51","7,374.53","8,177.02",813.55,"8,990.57","2,308.85",156.32,"2,465.17","8,378.77","9,176.45",534.32,"9,710.78","2,746.95",123.98,"2,870.93"
State of California,Merritt,"3,902.42","4,628.15",98.60,"4,726.75","1,968.95",19.64,"1,988.59","4,073.04","4,777.20",57.93,"4,835.14","2,007.65",17.28,"2,024.93","4,231.52","4,850.40",49.22,"4,899.63","1,966.65",16.88,"1,983.53","4,168.84","4,595.93",121.98,"4,717.90","2,008.21",20.48,"2,028.69","3,252.99","3,587.47",234.90,"3,822.36","1,547.09",19.13,"1,566.22","3,323.46","3,654.91",148.78,"3,803.69","1,608.69",23.66,"1,632.35","3,620.46","3,962.73",174.14,"4,136.88","1,957.32",25.53,"1,982.85"
State of California,MiraCosta,"10,179.30","11,134.32",756.44,"11,890.77","2,727.02",30.86,"2,757.88","10,081.33","10,832.33",725.08,"11,557.41","2,753.35",48.58,"2,801.93","9,971.19","10,551.82",709.21,"11,261.03","2,629.01",47.77,"2,676.78","9,528.33","9,884.79",593.51,"10,478.30","2,595.80",37.66,"2,633.46","9,297.80","9,514.46","1,038.55","10,553.01","2,481.31",47.29,"2,528.60","8,114.71","8,276.62","1,081.95","9,358.57","2,208.11",45.20,"2,253.31","8,147.58","8,252.84","1,161.12","9,413.97","2,263.67",80.92,"2,344.59"
State of California,Mission,"4,764.39","5,810.40",511.93,"6,322.33","1,629.21",0.00,"1,629.21","4,470.04","5,278.48",375.12,"5,653.60","1,476.93",0.00,"1,476.93","4,737.86","5,820.53",653.63,"6,474.16","1,780.44",0.00,"1,780.44","4,737.68","5,224.40",394.83,"5,619.23","1,452.62",0.40,"1,453.02","4,712.57","5,051.99",111.94,"5,163.93","1,400.11",6.99,"1,407.10","4,219.79","4,506.86",158.90,"4,665.76","1,359.56",6.60,"1,366.15","4,359.05","4,607.86",180.99,"4,788.85","1,537.89",7.95,"1,545.84"
State of California,Modesto,"11,457.76","14,309.22",287.04,"14,596.26","4,102.71",20.35,"4,123.06","10,385.57","12,868.84",363.05,"13,231.89","3,521.08",19.78,"3,540.86","10,818.86","13,064.44",397.07,"13,461.51","3,663.51",13.53,"3,677.04","11,879.81","13,419.16",364.35,"13,783.51","4,161.60",10.07,"4,171.67","11,837.06","13,061.58",227.34,"13,288.92","4,051.09",0.00,"4,051.09","11,833.55","13,136.06",253.94,"13,390.00","4,148.86",3.70,"4,152.56","3,317.92","3,647.50",132.04,"3,779.54","1,064.09",12.01,"1,076.10"
State of California,Monterey,"4,121.18","5,876.73",420.92,"6,297.65","1,657.89",148.83,"1,806.72","4,242.95","5,938.72",337.77,"6,276.50","1,732.98",33.47,"1,766.45","4,211.37","5,956.54",289.86,"6,246.40","1,902.44",12.25,"1,914.69","4,494.32","5,673.34",205.35,"5,878.68","1,646.55",8.51,"1,655.06","4,305.81","5,452.26",157.88,"5,610.14","1,722.70",16.69,"1,739.39","3,611.20","4,774.92",144.17,"4,919.09","1,679.43",18.72,"1,698.15","3,949.72","5,128.88",151.35,"5,280.23","1,812.50",24.51,"1,837.01"
State of California,Moorpark,"10,402.48","12,093.85",0.00,"12,093.85","2,391.14",0.00,"2,391.14","10,346.04","12,179.18",0.00,"12,179.18","2,420.81",0.00,"2,420.81","10,052.41","11,829.22",4.34,"11,833.56","2,436.39",1.07,"2,437.47","10,116.90","11,850.52",24.94,"11,875.46","2,502.45",4.53,"2,506.98","9,681.88","11,735.29",25.90,"11,761.19","2,359.33",0.00,"2,359.33","8,808.25","10,791.59",29.98,"10,821.57","2,314.18",4.71,"2,318.89","8,311.72","10,556.65",27.84,"10,584.49","2,305.84",5.89,"2,311.73"
State of California,Moreno Valley,"4,660.42","6,549.13",5.72,"6,554.85","1,445.25",0.00,"1,445.25","5,229.93","6,829.37",5.38,"6,834.75","1,473.92",0.00,"1,473.92","5,676.36","7,440.54",22.89,"7,463.43","2,007.34",0.00,"2,007.34","6,215.67","7,503.45",0.00,"7,503.45","2,134.15",0.00,"2,134.15","5,523.11","6,447.02",5.39,"6,452.41","1,973.79",5.39,"1,979.18","4,504.16","5,497.15",10.45,"5,507.60","1,727.57",3.80,"1,731.37","5,059.17","6,317.22",29.17,"6,346.39","2,145.55",11.67,"2,157.22"
State of California,Mt San Antonio,"20,721.91","26,016.80","6,650.94","32,667.74","7,161.75",413.02,"7,574.77","21,044.93","26,333.64","7,610.52","33,944.16","7,083.20",501.96,"7,585.15","22,081.13","25,906.87","7,847.07","33,753.94","7,287.38",576.20,"7,863.58","23,035.51","26,169.25","7,148.81","33,318.06","7,440.43",471.69,"7,912.12","22,702.18","25,424.10","8,397.76","33,821.87","7,356.14",629.38,"7,985.53","20,371.76","22,785.08","8,668.74","31,453.82","7,054.90",650.19,"7,705.10","21,402.32","23,533.16","8,690.43","32,223.59","7,510.43",763.64,"8,274.07"
State of California,Mt. San Jacinto,"9,650.97","11,407.41",651.71,"12,059.12","1,881.56",4.01,"1,885.57","9,677.45","11,200.09",682.85,"11,882.93","1,881.08",13.22,"1,894.30","10,477.66","11,640.52",570.03,"12,210.55","1,947.50",10.24,"1,957.74","10,371.38","10,991.36",396.96,"11,388.31","1,994.28",2.60,"1,996.88","10,101.93","10,668.66",245.74,"10,914.40","1,828.10",13.01,"1,841.11","9,295.71","9,711.95",246.49,"9,958.44","1,783.65",9.69,"1,793.34","11,232.49","11,619.28",347.88,"11,967.15","2,166.72",13.83,"2,180.55"
State of California,Napa,"4,276.58","5,003.24",462.45,"5,465.69","1,503.75",3.81,"1,507.55","4,334.33","4,989.79",245.24,"5,235.03","1,461.21",1.79,"1,463.00","4,077.76","4,702.63",448.96,"5,151.59","1,557.23",5.61,"1,562.84","4,231.28","4,604.10",327.81,"4,931.90","1,507.74",1.81,"1,509.55","3,999.98","4,280.18",71.19,"4,351.37","1,361.53",0.00,"1,361.53","3,194.13","3,372.68",80.69,"3,453.38","1,012.65",0.00,"1,012.65","3,101.03","3,242.12",128.72,"3,370.84",961.25,0.00,961.25
State of California,Norco College,"5,571.91","6,967.74",0.00,"6,967.74","1,258.27",0.00,"1,258.27","6,033.75","7,247.99",0.00,"7,247.99","1,519.15",0.00,"1,519.15","6,493.98","7,384.51",0.00,"7,384.51","1,635.94",0.00,"1,635.94","7,207.22","7,952.08",24.85,"7,976.93","1,866.81",0.00,"1,866.81","6,467.00","6,899.21",8.24,"6,907.45","1,354.15",2.43,"1,356.58","5,277.91","5,671.04",48.03,"5,719.08","1,263.29",5.86,"1,269.15","6,020.84","6,352.66",64.22,"6,416.89","1,413.01",33.65,"1,446.66"
State of California,North Orange Adult,0.00,0.00,"4,726.60","4,726.60",0.00,549.00,549.00,0.00,0.00,"4,920.29","4,920.29",0.00,534.87,534.87,0.00,0.00,"4,814.90","4,814.90",0.00,494.93,494.93,0.00,0.00,"2,987.51","2,987.51",0.00,309.45,309.45,0.00,0.00,"5,827.68","5,827.68",0.00,252.54,252.54,0.00,0.00,"5,837.32","5,837.32",0.00,395.03,395.03,0.00,0.00,"4,082.31","4,082.31",0.00,474.22,474.22
State of California,Ohlone,"7,444.02","9,186.55",0.00,"9,186.55","2,048.37",0.00,"2,048.37","7,144.96","8,504.58",0.00,"8,504.58","1,922.77",0.00,"1,922.77","7,164.27","8,264.58",1.86,"8,266.44","2,005.72",1.86,"2,007.58","7,512.48","8,354.84",53.09,"8,407.93","2,172.09",10.76,"2,182.84","7,949.93","8,634.81",76.25,"8,711.06","2,230.45",22.49,"2,252.93","6,440.68","7,177.74",78.04,"7,255.78","2,047.69",13.32,"2,061.01","6,320.25","6,816.05",93.41,"6,909.47","1,932.92",22.59,"1,955.51"
State of California,Orange Coast,"15,881.54","18,819.24",70.15,"18,889.39","5,304.49",0.00,"5,304.49","16,689.78","19,751.04",63.07,"19,814.11","5,589.29",0.00,"5,589.29","16,103.29","18,762.51",116.52,"18,879.03","5,457.28",14.54,"5,471.82","15,482.27","17,127.30",163.95,"17,291.25","5,399.89",13.65,"5,413.55","13,347.33","14,847.80",114.73,"14,962.53","4,415.74",5.28,"4,421.03","13,455.37","13,739.97",125.80,"13,865.78","4,434.10",9.69,"4,443.78","14,130.83","14,355.88",122.39,"14,478.28","4,426.54",11.03,"4,437.58"
State of California,Oxnard,"3,972.08","5,475.97",0.00,"5,475.97","1,272.11",0.00,"1,272.11","4,143.45","5,369.08",0.00,"5,369.08","1,336.81",0.00,"1,336.81","4,309.30","5,243.71",0.00,"5,243.71","1,267.46",0.00,"1,267.46","4,752.24","5,388.82",8.71,"5,397.53","1,268.81",1.33,"1,270.14","4,578.41","5,138.72",38.82,"5,177.53","1,203.78",16.57,"1,220.35","3,989.82","4,697.86",21.23,"4,719.09","1,161.15",4.54,"1,165.70","3,872.27","4,614.17",41.03,"4,655.20","1,195.76",3.27,"1,199.03"
State of California,Palo Verde,"1,405.52","1,922.59",152.57,"2,075.15",982.91,6.04,988.95,"1,452.60","1,969.21",131.00,"2,100.21","1,021.59",3.84,"1,025.43","1,516.57","1,942.82",23.72,"1,966.54",912.64,2.34,914.98,"1,781.92","1,959.93",17.91,"1,977.83",839.23,1.84,841.07,"1,401.31","1,540.02",10.59,"1,550.62",580.00,0.93,580.93,"1,747.29","1,814.16",15.18,"1,829.33",719.98,1.96,721.94,"1,910.01","1,998.44",15.81,"2,014.25",765.49,2.53,768.01
State of California,Palomar,"15,517.11","18,907.26",740.95,"19,648.21","5,862.70",30.09,"5,892.79","15,793.66","18,671.59",674.07,"19,345.66","6,054.43",25.33,"6,079.76","15,583.23","18,050.12",645.67,"18,695.79","5,796.48",19.60,"5,816.08","16,189.49","18,299.70",452.08,"18,751.78","5,808.92",16.26,"5,825.18","14,355.93","16,346.01",183.35,"16,529.36","5,029.33",12.75,"5,042.08","12,669.82","14,259.84",214.96,"14,474.80","4,855.02",11.36,"4,866.38","12,638.63","13,577.11",223.96,"13,801.07","4,660.98",9.80,"4,670.78"
State of California,Pasadena,"20,417.32","25,997.75","1,444.02","27,441.77","5,459.13",211.71,"5,670.84","20,097.92","25,028.93","1,200.81","26,229.74","5,200.74",179.29,"5,380.02","20,670.56","24,684.52",964.99,"25,649.51","4,969.16",156.90,"5,126.06","21,300.58","23,945.87",786.60,"24,732.46","5,068.12",113.78,"5,181.90","21,096.90","23,431.83",136.20,"23,568.03","4,933.11",18.94,"4,952.04","15,066.51","16,977.92",447.59,"17,425.51","3,776.80",62.61,"3,839.41","16,251.65","18,205.16",839.43,"19,044.59","4,087.47",97.30,"4,184.77"
State of California,Porterville,"2,206.23","2,938.11",19.38,"2,957.49",723.93,0.00,723.93,"2,335.17","3,053.17",50.50,"3,103.67",724.51,0.00,724.51,"2,690.61","3,267.77",37.30,"3,305.06",785.68,0.00,785.68,"3,077.43","3,383.16",38.46,"3,421.61",796.85,0.00,796.85,"2,537.24","2,763.50",25.83,"2,789.33",616.44,0.00,616.44,"2,264.66","2,474.28",20.85,"2,495.13",568.51,0.00,568.51,"1,450.12","1,582.23",15.44,"1,597.67",352.61,0.00,352.61
State of California,Redwoods,"3,260.76","3,895.11",186.46,"4,081.57","1,206.85",13.91,"1,220.76","3,120.62","3,755.63",210.35,"3,965.99","1,227.38",28.50,"1,255.87","3,403.28","3,801.71",183.83,"3,985.54","1,263.18",28.79,"1,291.97","3,593.00","3,836.22",77.23,"3,913.45","1,150.85",14.37,"1,165.22","2,852.80","3,040.20",97.05,"3,137.24",965.79,33.80,999.59,"2,622.17","2,776.96",132.36,"2,909.32",919.28,38.45,957.73,"2,981.73","3,221.56",160.90,"3,382.46","1,118.30",31.06,"1,149.36"
State of California,Reedley College,"5,781.81","7,414.16",51.57,"7,465.73","2,476.96",3.01,"2,479.97","6,534.80","7,906.30",52.85,"7,959.15","2,637.50",3.19,"2,640.68","7,386.64","8,301.08",56.75,"8,357.83","2,848.26",4.11,"2,852.36","8,041.59","8,539.84",59.70,"8,599.54","2,988.50",2.47,"2,990.97","5,191.23","5,414.47",41.01,"5,455.48","1,990.21",1.65,"1,991.86","4,504.45","4,717.38",53.57,"4,770.95","1,780.51",12.23,"1,792.74","5,208.48","5,434.29",171.50,"5,605.79","2,176.26",46.04,"2,222.30"
State of California,Rio Hondo,"9,790.52","12,530.65",263.52,"12,794.17","3,434.23",52.49,"3,486.72","10,539.18","13,337.33",288.84,"13,626.16","3,913.14",51.40,"3,964.54","10,874.20","13,456.45",297.58,"13,754.03","3,965.29",67.17,"4,032.46","11,267.59","12,907.75",142.83,"13,050.58","3,860.24",54.82,"3,915.06","10,809.34","12,085.43",116.91,"12,202.33","3,666.51",48.92,"3,715.43","9,486.89","10,685.56",132.34,"10,817.90","3,549.10",59.41,"3,608.50","9,606.58","10,725.77",281.13,"11,006.91","3,680.80",89.33,"3,770.12"
State of California,Riverside,"12,715.67","16,387.13",71.99,"16,459.12","4,256.93",3.46,"4,260.40","13,565.12","16,962.02",69.93,"17,031.95","4,447.43",5.02,"4,452.44","14,427.32","17,419.88",82.15,"17,502.03","4,825.12",11.33,"4,836.45","15,301.07","17,479.27",59.74,"17,539.01","4,886.62",13.10,"4,899.73","15,085.37","16,480.97",99.46,"16,580.43","4,061.39",22.90,"4,084.29","13,203.39","14,686.41",89.09,"14,775.50","3,944.39",34.65,"3,979.04","14,134.84","15,558.14",234.07,"15,792.21","4,481.51",67.63,"4,549.14"
State of California,Sacramento City,"11,270.37","14,893.16",58.48,"14,951.64","3,882.27",0.00,"3,882.27","11,029.49","14,518.31",54.29,"14,572.60","4,006.86",0.00,"4,006.86","11,565.50","14,448.27",68.19,"14,516.46","4,041.43",0.00,"4,041.43","11,995.39","14,090.82",6.92,"14,097.74","3,999.90",0.00,"3,999.90","11,525.73","13,118.57",3.00,"13,121.57","3,513.02",0.00,"3,513.02","10,323.86","11,757.15",3.65,"11,760.80","3,400.09",0.00,"3,400.09","10,498.80","11,512.31",1.84,"11,514.14","3,499.86",0.00,"3,499.86"
State of California,Saddleback,"11,526.48","14,319.81","2,138.73","16,458.54","4,632.41",0.00,"4,632.41","11,587.86","14,267.65","2,236.00","16,503.66","4,762.59",11.06,"4,773.65","11,712.94","13,968.40","2,193.92","16,162.32","4,793.12",19.24,"4,812.35","12,608.91","14,249.97","1,815.16","16,065.14","4,742.59",7.59,"4,750.18","12,733.17","13,959.44","1,096.39","15,055.83","4,555.31",80.73,"4,636.04","11,393.76","12,537.36","2,459.30","14,996.66","4,257.23",221.01,"4,478.23","11,448.97","12,358.04","2,017.41","14,375.45","4,141.78",209.73,"4,351.51"
State of California,San Bernardino,"7,231.53","10,092.67",26.36,"10,119.02","2,628.03",0.85,"2,628.89","7,687.20","11,274.29",116.39,"11,390.68","3,485.90",18.56,"3,504.45","7,498.94","10,870.87",152.98,"11,023.84","3,205.97",57.68,"3,263.65","8,443.94","10,889.18",63.22,"10,952.40","3,118.46",37.13,"3,155.59","7,773.66","9,214.37",55.54,"9,269.90","2,761.97",9.67,"2,771.64","6,562.96","8,009.39",85.96,"8,095.35","2,807.27",10.04,"2,817.32","6,712.44","8,067.96",162.90,"8,230.86","2,846.26",12.95,"2,859.21"
State of California,San Diego Adult,0.00,0.00,"8,716.33","8,716.33",0.00,"2,807.06","2,807.06",0.00,0.00,"8,531.96","8,531.96",0.00,"2,766.28","2,766.28",0.00,0.00,"8,326.63","8,326.63",0.00,"2,897.32","2,897.32",0.00,0.00,"7,557.48","7,557.48",0.00,"2,629.51","2,629.51",0.00,0.00,"9,440.52","9,440.52",0.00,"3,179.49","3,179.49",0.00,0.00,"9,158.23","9,158.23",0.00,"2,738.65","2,738.65",0.00,0.00,"9,766.16","9,766.16",0.00,"2,463.02","2,463.02"
State of California,San Diego City,"8,633.47","10,996.82",157.04,"11,153.86","3,354.13",0.00,"3,354.13","8,264.56","10,498.13",160.05,"10,658.18","3,188.10",0.00,"3,188.10","7,921.58","9,978.92",151.76,"10,130.68","3,222.83",0.00,"3,222.83","8,500.17","10,767.59",68.79,"10,836.37","3,768.26",0.00,"3,768.26","8,576.96","9,833.54",7.08,"9,840.62","2,673.98",0.00,"2,673.98","7,919.43","9,133.75",2.19,"9,135.94","2,684.59",0.00,"2,684.59","7,086.06","8,063.10",9.05,"8,072.15","2,462.03",0.00,"2,462.03"
State of California,San Diego Mesa,"14,105.42","15,771.41",232.24,"16,003.65","3,415.58",0.00,"3,415.58","14,001.19","15,520.67",255.88,"15,776.56","3,347.83",0.00,"3,347.83","13,557.35","14,730.50",288.71,"15,019.21","3,261.17",0.00,"3,261.17","15,372.84","16,195.33",34.08,"16,229.41","3,495.57",0.00,"3,495.57","15,903.85","16,668.43",18.61,"16,687.04","3,371.40",0.00,"3,371.40","13,763.60","14,463.34",13.13,"14,476.47","3,376.07",0.00,"3,376.07","14,054.50","14,558.67",8.96,"14,567.63","3,446.53",0.00,"3,446.53"
State of California,San Diego Miramar,"7,103.02","8,915.39",84.39,"8,999.78","3,363.93",0.00,"3,363.93","8,048.69","9,944.28",75.13,"10,019.41","3,610.44",0.00,"3,610.44","7,915.68","9,766.54",63.77,"9,830.30","3,742.25",0.00,"3,742.25","8,350.54","10,048.47",32.05,"10,080.52","3,670.26",0.00,"3,670.26","8,466.72","10,366.65",4.74,"10,371.39","4,005.93",0.00,"4,005.93","8,174.95","9,576.48",6.57,"9,583.05","4,613.74",0.00,"4,613.74","9,173.56","9,822.89",12.30,"9,835.19","4,694.62",0.00,"4,694.62"
State of California,San Francisco,"12,241.70","13,895.55",0.00,"13,895.55","4,298.95",0.00,"4,298.95","14,638.18","16,309.92",0.00,"16,309.92","5,485.56",0.00,"5,485.56","14,772.15","15,925.92",0.00,"15,925.92","5,535.32",0.00,"5,535.32","13,599.16","14,275.44",16.86,"14,292.30","4,936.17",9.42,"4,945.60","11,083.45","11,597.83",509.23,"12,107.06","4,010.49",112.24,"4,122.73","11,715.08","12,094.62",563.32,"12,657.94","4,563.83",59.20,"4,623.03","10,934.31","11,081.06","10,666.77","21,747.83","4,121.47",573.11,"4,694.57"
State of California,San Francisco Ctrs,0.00,0.00,"5,537.90","5,537.90",0.00,875.37,875.37,0.00,0.00,"5,865.19","5,865.19",0.00,"1,113.42","1,113.42",0.00,0.00,"4,980.31","4,980.31",0.00,949.05,949.05,0.00,0.00,"3,678.24","3,678.24",0.00,649.64,649.64,,,,,,,,,,,,,,,,,,,,,
State of California,San Joaquin Delta,"11,248.58","14,285.22",182.56,"14,467.78","4,769.01",13.36,"4,782.37","11,258.89","13,978.56",170.28,"14,148.84","4,681.32",5.58,"4,686.90","11,793.67","14,243.08",152.43,"14,395.51","4,639.15",4.94,"4,644.09","13,057.56","14,832.56",9.67,"14,842.23","4,953.26",0.00,"4,953.26","16,062.75","17,588.04",0.00,"17,588.04","5,208.35",0.00,"5,208.35","14,727.38","16,362.93",0.00,"16,362.93","5,507.36",0.00,"5,507.36","14,119.27","15,568.99",0.00,"15,568.99","5,514.41",0.00,"5,514.41"
State of California,San Jose City,"4,237.08","5,505.99",26.23,"5,532.22","1,593.39",5.88,"1,599.27","4,659.04","5,917.14",89.46,"6,006.60","1,802.94",10.31,"1,813.24","4,742.73","5,909.15",107.25,"6,016.40","1,777.56",25.03,"1,802.58","5,048.93","5,849.80",120.08,"5,969.88","1,682.39",31.07,"1,713.46","4,731.61","5,297.27",105.45,"5,402.72","1,568.06",29.93,"1,597.99","4,060.66","4,547.25",55.22,"4,602.46","1,372.82",17.24,"1,390.06","4,287.78","4,757.55",16.71,"4,774.26","1,515.90",11.72,"1,527.62"
State of California,San Mateo,"6,985.46","8,157.16",3.65,"8,160.82","2,150.31",0.00,"2,150.31","6,870.79","7,942.47",3.60,"7,946.08","2,161.56",0.00,"2,161.56","6,795.22","7,729.57",2.85,"7,732.41","2,209.33",0.00,"2,209.33","5,388.00","5,975.68",1.59,"5,977.27","1,647.64",0.00,"1,647.64","6,522.04","7,055.07",0.68,"7,055.75","2,171.73",0.00,"2,171.73","6,646.46","7,229.01",0.49,"7,229.50","2,116.36",0.00,"2,116.36","5,026.34","5,558.91",0.00,"5,558.91","1,586.50",0.00,"1,586.50"
State of California,Santa Ana,"12,748.74","16,487.60","4,435.62","20,923.22","6,699.46",476.16,"7,175.62","12,790.67","19,247.67","5,815.83","25,063.50","9,020.72",635.65,"9,656.38","14,248.39","18,848.53","5,101.48","23,950.02","7,868.57",628.88,"8,497.45","15,415.03","18,330.63","3,496.51","21,827.15","7,130.37",518.71,"7,649.08","16,595.86","19,510.05","5,020.36","24,530.41","7,825.81",588.06,"8,413.87","17,986.68","21,357.19","6,278.45","27,635.63","8,940.18",680.77,"9,620.95","14,746.23","17,978.20","8,917.03","26,895.22","7,852.25",921.82,"8,774.08"
State of California,Santa Barbara,"13,522.94","15,091.97",221.86,"15,313.83","4,403.14",41.21,"4,444.34","13,428.71","14,857.39",200.73,"15,058.12","4,355.33",39.41,"4,394.74","12,868.06","14,000.30",228.96,"14,229.27","4,036.32",50.07,"4,086.40","12,688.01","13,429.00",141.14,"13,570.15","3,847.73",18.90,"3,866.63","11,244.87","11,833.52",204.72,"12,038.24","3,297.40",90.90,"3,388.30","9,810.96","11,361.68",472.36,"11,834.04","3,478.33",108.35,"3,586.68","5,444.60","11,435.55","1,160.18","12,595.73","3,414.49",277.17,"3,691.66"
State of California,Santa Monica,"21,567.25","25,037.02",712.89,"25,749.91","5,252.50",0.00,"5,252.50","21,137.50","24,229.69",712.03,"24,941.72","5,301.19",7.75,"5,308.95","20,915.81","23,444.23",710.44,"24,154.67","5,278.05",14.77,"5,292.81","21,342.95","23,117.58",623.14,"23,740.71","5,384.89",13.26,"5,398.15","20,125.87","21,583.78",550.85,"22,134.63","5,333.75",14.94,"5,348.69","18,315.52","19,396.13",451.57,"19,847.70","4,854.58",74.05,"4,928.63","17,759.00","18,606.65",619.76,"19,226.41","4,876.98",82.77,"4,959.75"
State of California,Santa Rosa,"13,112.37","16,258.63","2,852.36","19,110.99","4,951.61",36.93,"4,988.54","13,052.70","16,057.16","3,308.26","19,365.42","5,316.07","1,607.39","6,923.46","12,751.74","15,294.85","3,453.03","18,747.89","5,186.07","2,169.31","7,355.38","12,409.53","14,247.96","2,994.57","17,242.53","4,589.10","2,014.32","6,603.42","10,596.55","12,161.60","2,602.97","14,764.57","4,094.20","1,887.52","5,981.72","9,693.00","11,107.92","2,583.29","13,691.22","3,887.72","1,856.21","5,743.94","9,966.89","11,307.38","2,668.34","13,975.72","3,892.66","1,730.04","5,622.71"
State of California,Santiago Canyon,"6,401.43","8,005.42","2,670.43","10,675.85","2,054.87",572.02,"2,626.89","6,789.26","8,959.72","3,079.21","12,038.94","2,686.67",785.61,"3,472.28","7,890.90","9,102.57","3,129.19","12,231.76","2,043.86",904.41,"2,948.26","8,406.11","9,417.16","2,169.60","11,586.76","2,092.64",691.28,"2,783.92","9,175.20","10,554.54","2,934.45","13,488.99","2,799.22",833.12,"3,632.34","9,132.11","10,766.28","3,687.55","14,453.82","3,017.97",899.09,"3,917.06","7,365.06","8,691.12","4,126.88","12,818.00","2,472.44",947.08,"3,419.52"
State of California,Sequoias,"6,993.00","9,154.31",564.77,"9,719.08","2,469.71",25.65,"2,495.36","7,264.31","9,573.17",663.96,"10,237.13","2,613.16",28.82,"2,641.99","7,807.60","9,772.69",636.15,"10,408.84","2,760.68",29.71,"2,790.39","8,854.95","10,117.88",475.35,"10,593.24","2,922.90",23.34,"2,946.24","8,482.23","9,384.74",153.05,"9,537.78","2,539.85",10.51,"2,550.35","7,971.27","8,868.07",179.36,"9,047.43","2,464.52",7.68,"2,472.20","8,650.30","9,640.97",174.29,"9,815.26","2,781.59",7.95,"2,789.55"
State of California,Shasta,"5,713.03","6,754.32",140.53,"6,894.85","2,440.21",4.77,"2,444.98","5,777.59","6,809.56",163.39,"6,972.94","2,475.66",4.87,"2,480.53","5,922.08","6,957.42",172.92,"7,130.33","2,580.49",3.26,"2,583.75","6,100.60","6,899.58",141.41,"7,040.99","2,478.37",1.92,"2,480.29","5,390.41","6,115.69",48.75,"6,164.45","2,135.39",0.82,"2,136.22","4,619.38","5,265.05",81.10,"5,346.15","1,928.00",8.75,"1,936.74","5,011.39","5,649.58",120.32,"5,769.90","2,244.99",19.43,"2,264.41"
State of California,Sierra,"12,291.63","14,069.39",274.83,"14,344.21","3,603.40",3.99,"3,607.39","12,547.90","14,140.21",308.85,"14,449.06","3,664.66",3.13,"3,667.79","12,833.37","14,282.26",368.00,"14,650.26","3,822.81",9.32,"3,832.13","13,408.15","14,441.78",327.46,"14,769.24","3,972.10",10.31,"3,982.41","12,530.92","13,237.65",112.05,"13,349.70","3,642.74",10.47,"3,653.20","11,159.82","11,753.86",139.57,"11,893.42","3,290.45",16.29,"3,306.74","6,594.33","6,844.60",87.41,"6,932.00","1,765.68",8.24,"1,773.92"
State of California,Siskiyous,"1,921.56","2,327.95",558.19,"2,886.14","1,277.65",0.00,"1,277.65","1,667.48","2,038.75",433.87,"2,472.62",924.21,1.21,925.42,"1,395.39","1,663.53",510.55,"2,174.08",584.49,1.60,586.09,"1,347.42","1,599.33",485.57,"2,084.90",545.49,11.53,557.02,"1,070.27","1,265.34",283.86,"1,549.20",436.10,1.13,437.23,931.18,"1,140.54",282.18,"1,422.72",416.57,1.77,418.34,976.24,"1,131.60",182.16,"1,313.76",378.98,0.65,379.64
State of California,Skyline,"7,485.94","8,636.30",55.34,"8,691.64","2,531.28",0.00,"2,531.28","7,537.18","8,674.79",45.39,"8,720.18","2,714.20",0.00,"2,714.20","7,379.84","8,335.22",34.33,"8,369.55","2,463.61",0.00,"2,463.61","6,055.45","6,896.35",37.87,"6,934.22","2,059.73",0.00,"2,059.73","7,227.41","7,922.11",14.47,"7,936.58","2,175.61",0.00,"2,175.61","6,784.69","7,415.62",12.36,"7,427.98","2,104.89",0.00,"2,104.89","5,133.78","5,576.70",22.80,"5,599.50","1,512.14",0.00,"1,512.14"
State of California,Solano,"5,880.86","7,416.61",39.48,"7,456.09","3,670.17",0.00,"3,670.17","5,884.36","7,226.99",80.69,"7,307.68","3,302.89",0.76,"3,303.64","5,875.77","7,070.90",48.56,"7,119.46","2,822.00",0.00,"2,822.00","5,946.64","6,922.49",38.24,"6,960.73","2,413.18",0.00,"2,413.18","6,047.49","6,882.58",0.00,"6,882.58","2,233.31",0.00,"2,233.31","5,380.02","6,166.81",0.00,"6,166.81","1,997.55",0.00,"1,997.55","5,700.48","6,317.20",0.00,"6,317.20","2,104.04",0.00,"2,104.04"
State of California,Southwestern,"12,067.09","14,471.81",168.63,"14,640.45","3,577.06",75.28,"3,652.34","12,361.94","14,379.61",150.88,"14,530.50","3,655.05",52.22,"3,707.27","12,905.54","14,526.60",189.35,"14,715.96","3,726.00",57.65,"3,783.65","13,988.10","15,197.18",161.51,"15,358.70","3,989.11",38.74,"4,027.85","12,268.01","13,174.62",87.96,"13,262.58","3,480.20",30.37,"3,510.57","11,346.63","12,093.27",91.07,"12,184.34","3,436.88",35.64,"3,472.52","13,224.47","13,853.30",164.15,"14,017.45","4,160.28",37.98,"4,198.26"
State of California,Taft,"1,930.46","2,753.87",29.62,"2,783.49",742.77,0.00,742.77,"2,061.17","2,888.64",0.42,"2,889.06",801.85,0.00,801.85,"2,257.91","2,911.01",0.00,"2,911.01",817.87,0.00,817.87,"2,375.03","2,856.23",0.00,"2,856.23",791.43,0.00,791.43,"2,167.70","2,445.16",0.00,"2,445.16",631.58,0.00,631.58,"1,666.03","1,914.27",0.00,"1,914.27",491.48,0.00,491.48,"1,601.36","1,818.39",0.00,"1,818.39",439.72,0.00,439.72
State of California,Ventura,"8,562.13","10,235.92",54.70,"10,290.63","2,279.73",1.71,"2,281.44","8,776.15","10,335.84",91.38,"10,427.22","2,391.62",5.26,"2,396.88","8,571.61","9,830.21",64.09,"9,894.30","2,246.62",7.83,"2,254.45","8,858.09","9,777.09",73.90,"9,850.99","2,269.54",8.22,"2,277.76","8,447.70","9,245.48",48.18,"9,293.66","2,070.00",16.97,"2,086.96","8,395.69","9,067.86",708.22,"9,776.08","2,135.61",19.28,"2,154.89","8,044.21","8,685.23",100.90,"8,786.14","2,073.39",18.65,"2,092.04"
State of California,Victor Valley,"6,409.06","9,363.32",54.08,"9,417.40","2,580.58",0.00,"2,580.58","6,495.97","9,323.31",46.29,"9,369.60","2,361.60",0.00,"2,361.60","6,606.08","9,207.36",46.83,"9,254.19","2,440.74",0.00,"2,440.74","7,838.68","9,687.27",120.46,"9,807.73","2,689.64",0.00,"2,689.64","6,757.92","7,843.16",66.39,"7,909.54","2,095.84",10.65,"2,106.50","6,861.93","8,033.16",97.03,"8,130.19","2,264.60",13.48,"2,278.08","5,319.27","6,347.70",94.36,"6,442.05","1,774.85",37.05,"1,811.90"
State of California,West Hills Coalinga,"1,761.10","2,303.94",10.76,"2,314.70",642.78,0.00,642.78,"1,743.50","2,311.64",11.20,"2,322.84",660.25,0.00,660.25,"2,056.51","2,590.89",22.81,"2,613.70",893.96,0.00,893.96,"2,026.17","2,392.56",34.65,"2,427.21",872.83,0.00,872.83,"1,765.27","1,948.36",56.37,"2,004.73",624.09,0.21,624.29,"1,555.06","1,759.12",34.07,"1,793.19",615.26,0.00,615.26,"1,546.63","1,726.56",41.23,"1,767.79",528.47,0.00,528.47
State of California,West Hills Lemoore,"2,505.70","3,119.20",339.16,"3,458.37",668.68,0.00,668.68,"2,731.28","3,328.58",277.97,"3,606.55",663.10,0.00,663.10,"2,687.92","3,236.42",257.69,"3,494.11",647.47,0.00,647.47,"2,870.73","3,150.19",346.18,"3,496.37",635.42,0.00,635.42,"2,553.54","2,702.74",22.45,"2,725.20",633.54,0.00,633.54,"2,257.82","2,416.75",153.39,"2,570.14",572.02,1.03,573.05,"2,500.74","2,633.94",20.69,"2,654.63",598.10,0.84,598.94
State of California,West LA,"6,339.98","7,524.97",371.09,"7,896.06","2,591.63",3.53,"2,595.16","6,732.30","7,735.30",299.69,"8,034.99","2,520.24",16.67,"2,536.90","7,120.11","8,054.04",435.84,"8,489.88","2,750.69",23.64,"2,774.33","7,476.78","8,137.17",339.98,"8,477.15","2,882.58",28.36,"2,910.94","6,512.43","7,126.19",148.99,"7,275.18","2,376.06",20.85,"2,396.90","5,588.71","6,081.92",166.83,"6,248.74","2,080.84",14.15,"2,094.99","4,981.76","5,420.91",147.42,"5,568.33","2,129.47",26.74,"2,156.21"
State of California,West Valley,"5,400.83","6,180.44",516.69,"6,697.13","1,333.29",0.64,"1,333.93","5,282.97","5,983.39",258.39,"6,241.78","1,194.55",1.27,"1,195.82","5,495.27","6,133.09",433.15,"6,566.24","1,261.34",3.80,"1,265.13","5,747.57","6,044.64",362.08,"6,406.71","1,291.40",30.10,"1,321.50","5,518.68","5,735.77",211.11,"5,946.88","1,361.89",102.55,"1,464.44","4,805.51","4,967.38",353.36,"5,320.74","1,197.08",130.50,"1,327.57","4,999.48","5,090.10",554.10,"5,644.20","1,183.11",151.67,"1,334.78"
State of California,Woodland,"2,312.78","2,767.98",19.24,"2,787.22",616.79,0.00,616.79,"2,102.81","2,643.48",54.09,"2,697.57",574.39,0.00,574.39,"2,139.95","2,557.40",61.75,"2,619.15",582.56,0.00,582.56,"2,390.32","2,604.10",55.02,"2,659.12",593.19,0.00,593.19,"2,253.69","2,399.28",22.62,"2,421.89",460.35,0.00,460.35,"2,023.05","2,147.71",65.72,"2,213.43",547.14,0.00,547.14,"2,125.75","2,272.55",59.98,"2,332.54",620.47,0.50,620.97
State of California,Yuba,"3,907.81","5,139.95",100.09,"5,240.04","1,593.50",0.00,"1,593.50","3,805.33","4,948.86",146.91,"5,095.77","1,555.04",0.00,"1,555.04","3,848.84","4,853.44",143.31,"4,996.75","1,572.92",1.35,"1,574.27","4,184.29","4,757.97",121.68,"4,879.65","1,498.20",1.70,"1,499.89","3,437.77","3,980.05",38.36,"4,018.41","1,364.10",2.40,"1,366.50","3,409.85","3,787.26",155.70,"3,942.96","1,268.65",2.17,"1,270.82","3,627.35","4,011.02",62.06,"4,073.09","1,345.49",0.96,"1,346.46"
